[{"pk": 1, "model": "digipal.script", "fields": {"modified": "2012-09-24T11:06:54.555Z", "allographs": [13, 24, 16, 15, 19, 17, 29, 21, 57, 25, 27, 31, 30, 33, 10, 32, 35, 34, 42, 37, 44, 52, 50, 43, 2, 48, 46, 45, 51, 14, 6, 9, 3, 8, 56, 1, 5, 4], "name": "Caroline minuscule", "legacy_id": null, "created": "2012-09-24T11:06:54.555Z"}}, {"pk": 2, "model": "digipal.script", "fields": {"modified": "2012-09-24T11:09:12.937Z", "allographs": [11, 12, 22, 23, 16, 15, 18, 17, 28, 20, 26, 25, 27, 31, 30, 33, 10, 32, 35, 34, 41, 39, 40, 38, 36, 44, 52, 50, 43, 2, 49, 48, 47, 46, 45, 51, 7, 6, 9, 3, 8, 56, 1, 5, 4], "name": "English Vernacular minuscule", "legacy_id": 999, "created": "2012-09-24T11:09:12.937Z"}}, {"pk": 3, "model": "digipal.script", "fields": {"modified": "2012-11-27T14:42:35.196Z", "allographs": [12, 23, 16, 15, 18, 17, 28, 20, 26, 25, 27, 31, 30, 33, 32, 35, 34, 41, 40, 38, 44, 52, 50, 43, 2, 49, 47, 46, 45, 51, 7, 6, 9, 3, 8, 56, 1, 5, 4], "name": "Square minuscule", "legacy_id": null, "created": "2012-11-27T14:42:35.196Z"}}, {"pk": 4, "model": "digipal.script", "fields": {"modified": "2014-04-03T13:03:06.083Z", "allographs": [11, 22, 16, 15, 18, 17, 28, 20, 26, 25, 27, 31, 30, 33, 10, 32, 35, 34, 40, 38, 44, 52, 50, 43, 2, 49, 47, 46, 45, 51, 7, 6, 9, 3, 8, 56, 1, 5, 4], "name": "Insular Cursive minuscule", "legacy_id": null, "created": "2014-04-03T13:03:06.083Z"}}, {"pk": 1, "model": "digipal.ontographtype", "fields": {"name": "punctuation", "modified": "2012-05-22T13:06:41.768Z", "created": "2012-05-22T13:06:41.768Z"}}, {"pk": 2, "model": "digipal.ontographtype", "fields": {"name": "letter", "modified": "2012-05-22T13:06:41.780Z", "created": "2012-05-22T13:06:41.780Z"}}, {"pk": 3, "model": "digipal.ontographtype", "fields": {"name": "ligature", "modified": "2012-05-22T13:06:41.805Z", "created": "2012-05-22T13:06:41.805Z"}}, {"pk": 4, "model": "digipal.ontographtype", "fields": {"name": "accent", "modified": "2012-05-22T13:06:41.816Z", "created": "2012-05-22T13:06:41.816Z"}}, {"pk": 5, "model": "digipal.ontographtype", "fields": {"name": "abbreviation", "modified": "2012-05-22T13:06:41.837Z", "created": "2012-05-22T13:06:41.837Z"}}, {"pk": 1, "model": "digipal.ontograph", "fields": {"name": "abbrev. stroke", "created": "2012-05-22T13:06:41.771Z", "modified": "2013-11-04T13:17:54.877Z", "sort_order": 460, "nesting_level": 0, "ontograph_type": 1}}, {"pk": 2, "model": "digipal.ontograph", "fields": {"name": "WYNN", "created": "2012-05-22T13:06:41.782Z", "modified": "2013-11-04T13:17:56.110Z", "sort_order": 325, "nesting_level": 0, "ontograph_type": 2}}, {"pk": 3, "model": "digipal.ontograph", "fields": {"name": "punctus versus", "created": "2012-05-22T13:06:41.794Z", "modified": "2013-11-04T13:17:55.840Z", "sort_order": 440, "nesting_level": 0, "ontograph_type": 1}}, {"pk": 4, "model": "digipal.ontograph", "fields": {"name": "ligature", "created": "2012-05-22T13:06:41.807Z", "modified": "2013-11-04T13:17:54.680Z", "sort_order": 480, "nesting_level": 0, "ontograph_type": 3}}, {"pk": 5, "model": "digipal.ontograph", "fields": {"name": "accent", "created": "2012-05-22T13:06:41.818Z", "modified": "2013-11-04T13:17:51.898Z", "sort_order": 470, "nesting_level": 0, "ontograph_type": 4}}, {"pk": 6, "model": "digipal.ontograph", "fields": {"name": "punctus", "created": "2012-05-22T13:06:41.827Z", "modified": "2013-11-04T13:17:55.323Z", "sort_order": 420, "nesting_level": 0, "ontograph_type": 1}}, {"pk": 7, "model": "digipal.ontograph", "fields": {"name": "tironian et", "created": "2012-05-22T13:06:41.840Z", "modified": "2013-11-04T13:17:50.397Z", "sort_order": 400, "nesting_level": 0, "ontograph_type": 5}}, {"pk": 8, "model": "digipal.ontograph", "fields": {"name": "punctus interrogativus", "created": "2012-05-22T13:06:41.867Z", "modified": "2013-11-04T13:17:55.792Z", "sort_order": 430, "nesting_level": 0, "ontograph_type": 1}}, {"pk": 9, "model": "digipal.ontograph", "fields": {"name": "N", "created": "2012-05-22T13:06:41.881Z", "modified": "2013-11-04T13:11:10.843Z", "sort_order": 230, "nesting_level": 0, "ontograph_type": 2}}, {"pk": 10, "model": "digipal.ontograph", "fields": {"name": "A", "created": "2012-05-22T13:06:41.895Z", "modified": "2013-11-04T13:10:48.868Z", "sort_order": 100, "nesting_level": 0, "ontograph_type": 2}}, {"pk": 11, "model": "digipal.ontograph", "fields": {"name": "&", "created": "2012-05-22T13:06:41.921Z", "modified": "2013-11-04T13:17:54.530Z", "sort_order": 410, "nesting_level": 0, "ontograph_type": 3}}, {"pk": 12, "model": "digipal.ontograph", "fields": {"name": "C", "created": "2012-05-22T13:06:41.935Z", "modified": "2013-11-04T13:10:54.505Z", "sort_order": 130, "nesting_level": 0, "ontograph_type": 2}}, {"pk": 13, "model": "digipal.ontograph", "fields": {"name": "B", "created": "2012-05-22T13:06:41.947Z", "modified": "2013-11-04T13:10:54.134Z", "sort_order": 120, "nesting_level": 0, "ontograph_type": 2}}, {"pk": 14, "model": "digipal.ontograph", "fields": {"name": "E", "created": "2012-05-22T13:06:41.963Z", "modified": "2013-11-04T13:10:58.496Z", "sort_order": 150, "nesting_level": 0, "ontograph_type": 2}}, {"pk": 15, "model": "digipal.ontograph", "fields": {"name": "D", "created": "2012-05-22T13:06:41.976Z", "modified": "2013-11-04T13:10:56.308Z", "sort_order": 140, "nesting_level": 0, "ontograph_type": 2}}, {"pk": 16, "model": "digipal.ontograph", "fields": {"name": "G", "created": "2012-05-22T13:06:41.993Z", "modified": "2013-11-04T13:11:03.609Z", "sort_order": 170, "nesting_level": 0, "ontograph_type": 2}}, {"pk": 17, "model": "digipal.ontograph", "fields": {"name": "\u00c6", "created": "2012-05-22T13:06:42.014Z", "modified": "2013-11-04T13:10:51.433Z", "sort_order": 115, "nesting_level": 0, "ontograph_type": 2}}, {"pk": 18, "model": "digipal.ontograph", "fields": {"name": "I", "created": "2012-05-22T13:06:42.054Z", "modified": "2013-11-04T13:11:08.030Z", "sort_order": 190, "nesting_level": 0, "ontograph_type": 2}}, {"pk": 19, "model": "digipal.ontograph", "fields": {"name": "H", "created": "2012-05-22T13:06:42.068Z", "modified": "2013-11-04T13:11:06.113Z", "sort_order": 180, "nesting_level": 0, "ontograph_type": 2}}, {"pk": 20, "model": "digipal.ontograph", "fields": {"name": "K", "created": "2012-05-22T13:06:42.080Z", "modified": "2013-11-04T13:11:08.388Z", "sort_order": 200, "nesting_level": 0, "ontograph_type": 2}}, {"pk": 21, "model": "digipal.ontograph", "fields": {"name": "F", "created": "2012-05-22T13:06:42.096Z", "modified": "2013-11-04T13:11:00.744Z", "sort_order": 160, "nesting_level": 0, "ontograph_type": 2}}, {"pk": 22, "model": "digipal.ontograph", "fields": {"name": "M", "created": "2012-05-22T13:06:42.117Z", "modified": "2013-11-04T13:11:09.137Z", "sort_order": 220, "nesting_level": 0, "ontograph_type": 2}}, {"pk": 23, "model": "digipal.ontograph", "fields": {"name": "L", "created": "2012-05-22T13:06:42.131Z", "modified": "2013-11-04T13:11:08.743Z", "sort_order": 210, "nesting_level": 0, "ontograph_type": 2}}, {"pk": 24, "model": "digipal.ontograph", "fields": {"name": "O", "created": "2012-05-22T13:06:42.141Z", "modified": "2013-11-04T13:11:12.889Z", "sort_order": 240, "nesting_level": 0, "ontograph_type": 2}}, {"pk": 25, "model": "digipal.ontograph", "fields": {"name": "Q", "created": "2012-05-22T13:06:42.168Z", "modified": "2013-11-04T13:11:13.721Z", "sort_order": 260, "nesting_level": 0, "ontograph_type": 2}}, {"pk": 26, "model": "digipal.ontograph", "fields": {"name": "P", "created": "2012-05-22T13:06:42.180Z", "modified": "2013-11-04T13:11:13.347Z", "sort_order": 250, "nesting_level": 0, "ontograph_type": 2}}, {"pk": 27, "model": "digipal.ontograph", "fields": {"name": "S", "created": "2012-05-22T13:06:42.191Z", "modified": "2013-11-04T13:11:15.957Z", "sort_order": 280, "nesting_level": 0, "ontograph_type": 2}}, {"pk": 28, "model": "digipal.ontograph", "fields": {"name": "R", "created": "2012-05-22T13:06:42.231Z", "modified": "2013-11-04T13:11:13.870Z", "sort_order": 270, "nesting_level": 0, "ontograph_type": 2}}, {"pk": 29, "model": "digipal.ontograph", "fields": {"name": "U", "created": "2012-05-22T13:06:42.249Z", "modified": "2013-11-04T13:11:20.925Z", "sort_order": 300, "nesting_level": 0, "ontograph_type": 2}}, {"pk": 30, "model": "digipal.ontograph", "fields": {"name": "T", "created": "2012-05-22T13:06:42.264Z", "modified": "2013-11-04T13:11:20.469Z", "sort_order": 290, "nesting_level": 0, "ontograph_type": 2}}, {"pk": 31, "model": "digipal.ontograph", "fields": {"name": "Y", "created": "2012-05-22T13:06:42.276Z", "modified": "2013-11-04T13:17:57.386Z", "sort_order": 340, "nesting_level": 0, "ontograph_type": 2}}, {"pk": 32, "model": "digipal.ontograph", "fields": {"name": "X", "created": "2012-05-22T13:06:42.306Z", "modified": "2013-11-04T13:17:56.466Z", "sort_order": 330, "nesting_level": 0, "ontograph_type": 2}}, {"pk": 33, "model": "digipal.ontograph", "fields": {"name": "ETH", "created": "2012-05-22T13:06:42.328Z", "modified": "2013-11-04T13:17:52.292Z", "sort_order": 296, "nesting_level": 0, "ontograph_type": 2}}, {"pk": 34, "model": "digipal.ontograph", "fields": {"name": "Z", "created": "2012-05-22T13:06:42.343Z", "modified": "2013-11-04T13:17:59.717Z", "sort_order": 350, "nesting_level": 0, "ontograph_type": 2}}, {"pk": 35, "model": "digipal.ontograph", "fields": {"name": "THORN", "created": "2012-05-22T13:06:42.360Z", "modified": "2013-11-04T13:17:54.085Z", "sort_order": 292, "nesting_level": 0, "ontograph_type": 2}}, {"pk": 36, "model": "digipal.ontograph", "fields": {"name": "th\u00e6t", "created": "2012-07-03T17:27:10.632Z", "modified": "2013-11-04T13:17:50.269Z", "sort_order": 450, "nesting_level": 0, "ontograph_type": 5}}, {"pk": 1, "model": "digipal.characterform", "fields": {"name": "n/a"}}, {"pk": 2, "model": "digipal.characterform", "fields": {"name": "minuscule"}}, {"pk": 3, "model": "digipal.characterform", "fields": {"name": "majuscule"}}, {"pk": 1, "model": "digipal.character", "fields": {"unicode_point": "00af", "name": "abbrev. stroke", "form": 1, "created": "2012-05-22T13:06:41.772Z", "modified": "2013-05-02T10:17:56.293Z", "ontograph": 1, "components": []}}, {"pk": 2, "model": "digipal.character", "fields": {"unicode_point": "01bf", "name": "wynn", "form": 2, "created": "2012-05-22T13:06:41.783Z", "modified": "2012-05-22T13:06:41.790Z", "ontograph": 2, "components": []}}, {"pk": 3, "model": "digipal.character", "fields": {"unicode_point": "f1f0", "name": "./", "form": 1, "created": "2012-05-22T13:06:41.795Z", "modified": "2012-05-22T13:06:41.802Z", "ontograph": 3, "components": []}}, {"pk": 4, "model": "digipal.character", "fields": {"unicode_point": "ligature", "name": "ligature", "form": 1, "created": "2012-05-22T13:06:41.808Z", "modified": "2012-05-22T13:06:41.813Z", "ontograph": 4, "components": []}}, {"pk": 5, "model": "digipal.character", "fields": {"unicode_point": "accent", "name": "accent", "form": 1, "created": "2012-05-22T13:06:41.819Z", "modified": "2012-05-22T13:06:41.824Z", "ontograph": 5, "components": []}}, {"pk": 6, "model": "digipal.character", "fields": {"unicode_point": ".", "name": ".", "form": 1, "created": "2012-05-22T13:06:41.829Z", "modified": "2012-05-22T13:06:41.834Z", "ontograph": 6, "components": []}}, {"pk": 7, "model": "digipal.character", "fields": {"unicode_point": "204a", "name": "7", "form": 1, "created": "2012-05-22T13:06:41.841Z", "modified": "2012-05-22T13:06:41.848Z", "ontograph": 7, "components": []}}, {"pk": 8, "model": "digipal.character", "fields": {"unicode_point": ";", "name": ";", "form": 1, "created": "2012-05-22T13:06:41.852Z", "modified": "2012-05-22T13:06:41.863Z", "ontograph": 3, "components": []}}, {"pk": 9, "model": "digipal.character", "fields": {"unicode_point": "2e33", "name": "?", "form": 1, "created": "2012-05-22T13:06:41.868Z", "modified": "2012-05-22T13:06:41.877Z", "ontograph": 8, "components": []}}, {"pk": 10, "model": "digipal.character", "fields": {"unicode_point": "N", "name": "N", "form": 3, "created": "2012-05-22T13:06:41.882Z", "modified": "2012-05-22T13:06:41.888Z", "ontograph": 9, "components": []}}, {"pk": 11, "model": "digipal.character", "fields": {"unicode_point": "a", "name": "a", "form": 2, "created": "2012-05-22T13:06:41.896Z", "modified": "2012-05-22T13:06:41.917Z", "ontograph": 10, "components": []}}, {"pk": 12, "model": "digipal.character", "fields": {"unicode_point": "&", "name": "&", "form": 1, "created": "2012-05-22T13:06:41.922Z", "modified": "2012-05-22T13:06:41.931Z", "ontograph": 11, "components": []}}, {"pk": 13, "model": "digipal.character", "fields": {"unicode_point": "c", "name": "c", "form": 2, "created": "2012-05-22T13:06:41.936Z", "modified": "2012-05-22T13:06:41.943Z", "ontograph": 12, "components": []}}, {"pk": 14, "model": "digipal.character", "fields": {"unicode_point": "b", "name": "b", "form": 2, "created": "2012-05-22T13:06:41.948Z", "modified": "2012-05-22T13:06:41.959Z", "ontograph": 13, "components": []}}, {"pk": 15, "model": "digipal.character", "fields": {"unicode_point": "e", "name": "e", "form": 2, "created": "2012-05-22T13:06:41.964Z", "modified": "2012-05-22T13:06:41.972Z", "ontograph": 14, "components": []}}, {"pk": 16, "model": "digipal.character", "fields": {"unicode_point": "d", "name": "d", "form": 2, "created": "2012-05-22T13:06:41.977Z", "modified": "2012-05-22T13:06:41.989Z", "ontograph": 15, "components": []}}, {"pk": 17, "model": "digipal.character", "fields": {"unicode_point": "g", "name": "g", "form": 2, "created": "2012-05-22T13:06:41.994Z", "modified": "2012-05-22T13:06:42.010Z", "ontograph": 16, "components": []}}, {"pk": 18, "model": "digipal.character", "fields": {"unicode_point": "00e6", "name": "\u00e6", "form": 2, "created": "2012-05-22T13:06:42.015Z", "modified": "2012-05-22T13:06:42.051Z", "ontograph": 17, "components": []}}, {"pk": 19, "model": "digipal.character", "fields": {"unicode_point": "i", "name": "i", "form": 2, "created": "2012-05-22T13:06:42.056Z", "modified": "2012-05-22T13:06:42.064Z", "ontograph": 18, "components": []}}, {"pk": 20, "model": "digipal.character", "fields": {"unicode_point": "h", "name": "h", "form": 2, "created": "2012-05-22T13:06:42.069Z", "modified": "2012-05-22T13:06:42.076Z", "ontograph": 19, "components": []}}, {"pk": 21, "model": "digipal.character", "fields": {"unicode_point": "k", "name": "k", "form": 2, "created": "2012-05-22T13:06:42.081Z", "modified": "2012-05-22T13:06:42.089Z", "ontograph": 20, "components": []}}, {"pk": 22, "model": "digipal.character", "fields": {"unicode_point": "f", "name": "f", "form": 2, "created": "2012-05-22T13:06:42.097Z", "modified": "2012-05-22T13:06:42.113Z", "ontograph": 21, "components": []}}, {"pk": 23, "model": "digipal.character", "fields": {"unicode_point": "m", "name": "m", "form": 2, "created": "2012-05-22T13:06:42.118Z", "modified": "2012-05-22T13:06:42.127Z", "ontograph": 22, "components": []}}, {"pk": 24, "model": "digipal.character", "fields": {"unicode_point": "l", "name": "l", "form": 2, "created": "2012-05-22T13:06:42.132Z", "modified": "2012-05-22T13:06:42.137Z", "ontograph": 23, "components": []}}, {"pk": 25, "model": "digipal.character", "fields": {"unicode_point": "o", "name": "o", "form": 2, "created": "2012-05-22T13:06:42.142Z", "modified": "2012-05-22T13:06:42.148Z", "ontograph": 24, "components": []}}, {"pk": 26, "model": "digipal.character", "fields": {"unicode_point": "n", "name": "n", "form": 2, "created": "2012-05-22T13:06:42.156Z", "modified": "2012-05-22T13:06:42.163Z", "ontograph": 9, "components": []}}, {"pk": 27, "model": "digipal.character", "fields": {"unicode_point": "q", "name": "q", "form": 2, "created": "2012-05-22T13:06:42.169Z", "modified": "2012-05-22T13:06:42.176Z", "ontograph": 25, "components": []}}, {"pk": 28, "model": "digipal.character", "fields": {"unicode_point": "p", "name": "p", "form": 2, "created": "2012-05-22T13:06:42.181Z", "modified": "2012-05-22T13:06:42.188Z", "ontograph": 26, "components": []}}, {"pk": 29, "model": "digipal.character", "fields": {"unicode_point": "s", "name": "s", "form": 2, "created": "2012-05-22T13:06:42.192Z", "modified": "2012-05-22T13:06:42.227Z", "ontograph": 27, "components": []}}, {"pk": 30, "model": "digipal.character", "fields": {"unicode_point": "r", "name": "r", "form": 2, "created": "2012-05-22T13:06:42.232Z", "modified": "2012-05-22T13:06:42.245Z", "ontograph": 28, "components": []}}, {"pk": 31, "model": "digipal.character", "fields": {"unicode_point": "u", "name": "u", "form": 2, "created": "2012-05-22T13:06:42.250Z", "modified": "2012-05-22T13:06:42.260Z", "ontograph": 29, "components": []}}, {"pk": 32, "model": "digipal.character", "fields": {"unicode_point": "t", "name": "t", "form": 2, "created": "2012-05-22T13:06:42.264Z", "modified": "2012-05-22T13:06:42.271Z", "ontograph": 30, "components": []}}, {"pk": 33, "model": "digipal.character", "fields": {"unicode_point": "y", "name": "y", "form": 2, "created": "2012-05-22T13:06:42.277Z", "modified": "2012-05-22T13:06:42.302Z", "ontograph": 31, "components": []}}, {"pk": 34, "model": "digipal.character", "fields": {"unicode_point": "x", "name": "x", "form": 2, "created": "2012-05-22T13:06:42.307Z", "modified": "2012-05-22T13:06:42.322Z", "ontograph": 32, "components": []}}, {"pk": 35, "model": "digipal.character", "fields": {"unicode_point": "00f0", "name": "eth", "form": 2, "created": "2012-05-22T13:06:42.330Z", "modified": "2012-05-22T13:06:42.339Z", "ontograph": 33, "components": []}}, {"pk": 36, "model": "digipal.character", "fields": {"unicode_point": "z", "name": "z", "form": 2, "created": "2012-05-22T13:06:42.344Z", "modified": "2012-05-22T13:06:42.356Z", "ontograph": 34, "components": []}}, {"pk": 37, "model": "digipal.character", "fields": {"unicode_point": "00fe", "name": "thorn", "form": 2, "created": "2012-05-22T13:06:42.361Z", "modified": "2012-05-22T13:06:42.369Z", "ontograph": 35, "components": []}}, {"pk": 38, "model": "digipal.character", "fields": {"unicode_point": "U+A765", "name": "th\u00e6t", "form": 2, "created": "2012-07-03T17:27:55.750Z", "modified": "2012-07-03T17:27:55.751Z", "ontograph": 36, "components": [47, 4, 8, 11]}}, {"pk": 1, "model": "digipal.allograph", "fields": {"aspects": [], "name": "abbrev. stroke", "created": "2012-05-21T13:24:50.273Z", "default": false, "character": 1, "modified": "2013-05-02T10:17:56.446Z", "hidden": false}}, {"pk": 2, "model": "digipal.allograph", "fields": {"aspects": [], "name": "wynn", "created": "2012-05-21T13:24:50.285Z", "default": false, "character": 2, "modified": "2013-05-02T10:17:56.450Z", "hidden": false}}, {"pk": 3, "model": "digipal.allograph", "fields": {"aspects": [], "name": "punctus elevatus", "created": "2012-05-21T13:24:50.299Z", "default": false, "character": 3, "modified": "2013-05-02T10:17:56.453Z", "hidden": false}}, {"pk": 4, "model": "digipal.allograph", "fields": {"aspects": [], "name": "ligature", "created": "2012-05-21T13:24:50.313Z", "default": false, "character": 4, "modified": "2013-05-02T10:17:56.457Z", "hidden": false}}, {"pk": 5, "model": "digipal.allograph", "fields": {"aspects": [], "name": "accent", "created": "2012-05-21T13:24:50.328Z", "default": false, "character": 5, "modified": "2013-05-02T10:17:56.461Z", "hidden": false}}, {"pk": 6, "model": "digipal.allograph", "fields": {"aspects": [], "name": "punctus", "created": "2012-05-21T13:24:50.340Z", "default": false, "character": 6, "modified": "2013-05-02T10:17:56.464Z", "hidden": false}}, {"pk": 7, "model": "digipal.allograph", "fields": {"aspects": [], "name": "7", "created": "2012-05-21T13:24:50.352Z", "default": false, "character": 7, "modified": "2013-05-02T10:17:56.468Z", "hidden": false}}, {"pk": 8, "model": "digipal.allograph", "fields": {"aspects": [], "name": "punctus versus", "created": "2012-05-21T13:24:50.367Z", "default": false, "character": 8, "modified": "2013-05-02T10:17:56.472Z", "hidden": false}}, {"pk": 9, "model": "digipal.allograph", "fields": {"aspects": [], "name": "punctus interrogativus", "created": "2012-05-21T13:24:50.380Z", "default": false, "character": 9, "modified": "2013-05-02T10:17:56.475Z", "hidden": false}}, {"pk": 10, "model": "digipal.allograph", "fields": {"aspects": [], "name": "N", "created": "2012-05-21T13:24:50.394Z", "default": false, "character": 10, "modified": "2013-05-02T10:17:56.480Z", "hidden": false}}, {"pk": 11, "model": "digipal.allograph", "fields": {"aspects": [], "name": "Insular", "created": "2012-05-21T13:24:50.407Z", "default": true, "character": 11, "modified": "2013-05-02T10:17:56.484Z", "hidden": false}}, {"pk": 12, "model": "digipal.allograph", "fields": {"aspects": [], "name": "Square", "created": "2012-05-21T13:24:50.413Z", "default": false, "character": 11, "modified": "2013-05-02T10:17:56.490Z", "hidden": false}}, {"pk": 13, "model": "digipal.allograph", "fields": {"aspects": [], "name": "Caroline", "created": "2012-05-21T13:24:50.421Z", "default": false, "character": 11, "modified": "2013-05-02T10:17:56.495Z", "hidden": false}}, {"pk": 14, "model": "digipal.allograph", "fields": {"aspects": [], "name": "&", "created": "2012-05-21T13:24:50.439Z", "default": false, "character": 12, "modified": "2013-05-02T10:17:56.499Z", "hidden": false}}, {"pk": 15, "model": "digipal.allograph", "fields": {"aspects": [], "name": "c", "created": "2012-05-21T13:24:50.457Z", "default": false, "character": 13, "modified": "2013-05-02T10:17:56.502Z", "hidden": false}}, {"pk": 16, "model": "digipal.allograph", "fields": {"aspects": [], "name": "b", "created": "2012-05-21T13:24:50.471Z", "default": false, "character": 14, "modified": "2013-05-02T10:17:56.506Z", "hidden": false}}, {"pk": 17, "model": "digipal.allograph", "fields": {"aspects": [], "name": "e", "created": "2012-05-21T13:24:50.484Z", "default": false, "character": 15, "modified": "2013-05-02T10:17:56.510Z", "hidden": false}}, {"pk": 18, "model": "digipal.allograph", "fields": {"aspects": [], "name": "Insular", "created": "2012-05-21T13:24:50.498Z", "default": true, "character": 16, "modified": "2013-05-02T10:17:56.513Z", "hidden": false}}, {"pk": 19, "model": "digipal.allograph", "fields": {"aspects": [], "name": "Caroline", "created": "2012-05-21T13:24:50.504Z", "default": false, "character": 16, "modified": "2014-07-03T20:01:23.011Z", "hidden": false}}, {"pk": 20, "model": "digipal.allograph", "fields": {"aspects": [], "name": "Insular", "created": "2012-05-21T13:24:50.518Z", "default": true, "character": 17, "modified": "2013-05-02T10:17:56.520Z", "hidden": false}}, {"pk": 21, "model": "digipal.allograph", "fields": {"aspects": [], "name": "Caroline", "created": "2012-05-21T13:24:50.530Z", "default": false, "character": 17, "modified": "2013-05-02T10:17:56.527Z", "hidden": false}}, {"pk": 22, "model": "digipal.allograph", "fields": {"aspects": [], "name": "Insular", "created": "2012-05-21T13:24:50.541Z", "default": true, "character": 18, "modified": "2013-05-02T10:17:56.530Z", "hidden": false}}, {"pk": 23, "model": "digipal.allograph", "fields": {"aspects": [], "name": "Square", "created": "2012-05-21T13:24:50.552Z", "default": false, "character": 18, "modified": "2013-05-02T10:17:56.538Z", "hidden": false}}, {"pk": 24, "model": "digipal.allograph", "fields": {"aspects": [], "name": "Caroline", "created": "2012-05-21T13:24:50.568Z", "default": false, "character": 18, "modified": "2013-05-02T10:17:56.542Z", "hidden": false}}, {"pk": 25, "model": "digipal.allograph", "fields": {"aspects": [], "name": "i", "created": "2012-05-21T13:24:50.589Z", "default": false, "character": 19, "modified": "2013-05-02T10:17:56.546Z", "hidden": false}}, {"pk": 26, "model": "digipal.allograph", "fields": {"aspects": [], "name": "Insular", "created": "2012-05-21T13:24:50.600Z", "default": true, "character": 20, "modified": "2013-05-02T10:17:56.550Z", "hidden": false}}, {"pk": 27, "model": "digipal.allograph", "fields": {"aspects": [], "name": "k", "created": "2012-05-21T13:24:50.613Z", "default": false, "character": 21, "modified": "2013-05-02T10:17:56.554Z", "hidden": false}}, {"pk": 28, "model": "digipal.allograph", "fields": {"aspects": [], "name": "Insular", "created": "2012-05-21T13:24:50.628Z", "default": true, "character": 22, "modified": "2013-05-02T10:17:56.558Z", "hidden": false}}, {"pk": 29, "model": "digipal.allograph", "fields": {"aspects": [], "name": "Caroline", "created": "2012-05-21T13:24:50.643Z", "default": false, "character": 22, "modified": "2013-05-02T10:17:56.562Z", "hidden": false}}, {"pk": 30, "model": "digipal.allograph", "fields": {"aspects": [], "name": "m", "created": "2012-05-21T13:24:50.660Z", "default": false, "character": 23, "modified": "2013-05-02T10:17:56.565Z", "hidden": false}}, {"pk": 31, "model": "digipal.allograph", "fields": {"aspects": [], "name": "l", "created": "2012-05-21T13:24:50.675Z", "default": false, "character": 24, "modified": "2013-05-02T10:17:56.569Z", "hidden": false}}, {"pk": 32, "model": "digipal.allograph", "fields": {"aspects": [], "name": "o", "created": "2012-05-21T13:24:50.686Z", "default": false, "character": 25, "modified": "2013-05-02T10:17:56.574Z", "hidden": false}}, {"pk": 33, "model": "digipal.allograph", "fields": {"aspects": [], "name": "n", "created": "2012-05-21T13:24:50.696Z", "default": false, "character": 26, "modified": "2013-05-02T10:17:56.579Z", "hidden": false}}, {"pk": 34, "model": "digipal.allograph", "fields": {"aspects": [], "name": "q", "created": "2012-05-21T13:24:50.709Z", "default": false, "character": 27, "modified": "2013-05-02T10:17:56.584Z", "hidden": false}}, {"pk": 35, "model": "digipal.allograph", "fields": {"aspects": [], "name": "p", "created": "2012-05-21T13:24:50.722Z", "default": false, "character": 28, "modified": "2013-05-02T10:17:56.588Z", "hidden": false}}, {"pk": 36, "model": "digipal.allograph", "fields": {"aspects": [], "name": "Tall", "created": "2012-05-21T13:24:50.735Z", "default": false, "character": 29, "modified": "2013-05-02T10:17:56.592Z", "hidden": false}}, {"pk": 37, "model": "digipal.allograph", "fields": {"aspects": [], "name": "Caroline", "created": "2012-05-21T13:24:50.744Z", "default": false, "character": 29, "modified": "2013-05-02T10:17:56.596Z", "hidden": false}}, {"pk": 38, "model": "digipal.allograph", "fields": {"aspects": [], "name": "Round", "created": "2012-05-21T13:24:50.751Z", "default": false, "character": 29, "modified": "2013-05-02T10:17:56.600Z", "hidden": false}}, {"pk": 39, "model": "digipal.allograph", "fields": {"aspects": [], "name": "Long", "created": "2012-05-21T13:24:50.758Z", "default": false, "character": 29, "modified": "2013-05-02T10:17:56.603Z", "hidden": false}}, {"pk": 40, "model": "digipal.allograph", "fields": {"aspects": [], "name": "Low", "created": "2012-05-21T13:24:50.768Z", "default": true, "character": 29, "modified": "2013-05-02T10:17:56.607Z", "hidden": false}}, {"pk": 41, "model": "digipal.allograph", "fields": {"aspects": [], "name": "Insular", "created": "2012-05-21T13:24:50.781Z", "default": true, "character": 30, "modified": "2013-05-02T10:17:56.613Z", "hidden": false}}, {"pk": 42, "model": "digipal.allograph", "fields": {"aspects": [], "name": "Caroline", "created": "2012-05-21T13:24:50.787Z", "default": false, "character": 30, "modified": "2013-05-02T10:17:56.616Z", "hidden": false}}, {"pk": 43, "model": "digipal.allograph", "fields": {"aspects": [], "name": "u", "created": "2012-05-21T13:24:50.800Z", "default": false, "character": 31, "modified": "2013-05-02T10:17:56.620Z", "hidden": false}}, {"pk": 44, "model": "digipal.allograph", "fields": {"aspects": [], "name": "t", "created": "2012-05-21T13:24:50.813Z", "default": false, "character": 32, "modified": "2013-05-02T10:17:56.624Z", "hidden": false}}, {"pk": 45, "model": "digipal.allograph", "fields": {"aspects": [], "name": "Straight", "created": "2012-05-21T13:24:50.825Z", "default": true, "character": 33, "modified": "2013-05-02T10:17:56.628Z", "hidden": false}}, {"pk": 46, "model": "digipal.allograph", "fields": {"aspects": [], "name": "Round", "created": "2012-05-21T13:24:50.833Z", "default": false, "character": 33, "modified": "2014-07-07T17:09:05.666Z", "hidden": false}}, {"pk": 47, "model": "digipal.allograph", "fields": {"aspects": [], "name": "F-shaped", "created": "2012-05-21T13:24:50.842Z", "default": false, "character": 33, "modified": "2013-05-02T10:17:56.635Z", "hidden": false}}, {"pk": 48, "model": "digipal.allograph", "fields": {"aspects": [], "name": "x", "created": "2012-05-21T13:24:50.859Z", "default": true, "character": 34, "modified": "2013-05-02T10:17:56.639Z", "hidden": false}}, {"pk": 49, "model": "digipal.allograph", "fields": {"aspects": [], "name": "Three-stroke", "created": "2012-05-21T13:24:50.867Z", "default": false, "character": 34, "modified": "2013-05-02T10:17:56.642Z", "hidden": false}}, {"pk": 50, "model": "digipal.allograph", "fields": {"aspects": [], "name": "eth", "created": "2012-05-21T13:24:50.882Z", "default": false, "character": 35, "modified": "2013-05-02T10:17:56.646Z", "hidden": false}}, {"pk": 51, "model": "digipal.allograph", "fields": {"aspects": [], "name": "z", "created": "2012-05-21T13:24:50.898Z", "default": false, "character": 36, "modified": "2013-05-02T10:17:56.651Z", "hidden": false}}, {"pk": 52, "model": "digipal.allograph", "fields": {"aspects": [], "name": "thorn", "created": "2012-05-21T13:24:50.914Z", "default": false, "character": 37, "modified": "2013-05-02T10:17:56.655Z", "hidden": false}}, {"pk": 56, "model": "digipal.allograph", "fields": {"aspects": [], "name": "th\u00e6t", "created": "2012-07-03T17:28:06.256Z", "default": false, "character": 38, "modified": "2013-05-02T10:17:56.659Z", "hidden": false}}, {"pk": 57, "model": "digipal.allograph", "fields": {"aspects": [], "name": "Caroline", "created": "2012-07-06T14:26:47.254Z", "default": false, "character": 20, "modified": "2013-05-02T10:17:56.662Z", "hidden": false}}, {"pk": 58, "model": "digipal.allograph", "fields": {"aspects": [], "name": "2-shaped", "created": "2013-07-13T21:28:52.091Z", "default": false, "character": 30, "modified": "2013-07-13T21:28:52.091Z", "hidden": false}}, {"pk": 59, "model": "digipal.allograph", "fields": {"aspects": [], "name": "Round", "created": "2012-11-21T14:24:59.451Z", "default": false, "character": 18, "modified": "2012-11-21T14:24:59.451Z", "hidden": false}}, {"pk": 1, "model": "digipal.component", "fields": {"name": "downstroke (7)", "modified": "2012-06-21T15:44:05.514Z", "created": "2012-05-22T13:06:40.660Z"}}, {"pk": 2, "model": "digipal.component", "fields": {"name": "a-component", "modified": "2012-05-22T13:06:40.713Z", "created": "2012-05-22T13:06:40.710Z"}}, {"pk": 3, "model": "digipal.component", "fields": {"name": "arch", "modified": "2012-06-26T15:59:27.181Z", "created": "2012-05-22T13:06:40.715Z"}}, {"pk": 4, "model": "digipal.component", "fields": {"name": "ascender", "modified": "2012-06-29T13:22:56.771Z", "created": "2012-05-22T13:06:40.750Z"}}, {"pk": 5, "model": "digipal.component", "fields": {"name": "back", "modified": "2012-05-22T13:06:40.832Z", "created": "2012-05-22T13:06:40.817Z"}}, {"pk": 6, "model": "digipal.component", "fields": {"name": "body (Caroline g)", "modified": "2012-05-22T13:06:40.837Z", "created": "2012-05-22T13:06:40.834Z"}}, {"pk": 7, "model": "digipal.component", "fields": {"name": "bottom stroke (z)", "modified": "2012-06-21T15:24:10.097Z", "created": "2012-05-22T13:06:40.839Z"}}, {"pk": 8, "model": "digipal.component", "fields": {"name": "bowl", "modified": "2012-11-28T17:39:16.973Z", "created": "2012-05-22T13:06:40.874Z"}}, {"pk": 9, "model": "digipal.component", "fields": {"name": "comma", "modified": "2012-05-22T13:06:40.923Z", "created": "2012-05-22T13:06:40.920Z"}}, {"pk": 10, "model": "digipal.component", "fields": {"name": "cross stroke (eth)", "modified": "2012-07-03T15:37:10.207Z", "created": "2012-05-22T13:06:40.925Z"}}, {"pk": 11, "model": "digipal.component", "fields": {"name": "descender", "modified": "2012-06-26T16:00:33.075Z", "created": "2012-05-22T13:06:40.965Z"}}, {"pk": 12, "model": "digipal.component", "fields": {"name": "diagonal stroke (z)", "modified": "2012-06-20T16:09:30.503Z", "created": "2012-05-22T13:06:41.012Z"}}, {"pk": 13, "model": "digipal.component", "fields": {"name": "downstroke", "modified": "2012-06-21T15:24:36.919Z", "created": "2012-05-22T13:06:41.022Z"}}, {"pk": 14, "model": "digipal.component", "fields": {"name": "e-component", "modified": "2012-05-22T13:06:41.029Z", "created": "2012-05-22T13:06:41.026Z"}}, {"pk": 15, "model": "digipal.component", "fields": {"name": "eye", "modified": "2012-11-28T17:25:38.518Z", "created": "2012-05-22T13:06:41.031Z"}}, {"pk": 16, "model": "digipal.component", "fields": {"name": "foot", "modified": "2012-05-22T13:06:41.080Z", "created": "2012-05-22T13:06:41.055Z"}}, {"pk": 17, "model": "digipal.component", "fields": {"name": "tail (g)", "modified": "2012-06-20T16:11:20.841Z", "created": "2012-05-22T13:06:41.082Z"}}, {"pk": 18, "model": "digipal.component", "fields": {"name": "head (a)", "modified": "2012-06-20T16:09:51.745Z", "created": "2012-05-22T13:06:41.132Z"}}, {"pk": 19, "model": "digipal.component", "fields": {"name": "hook", "modified": "2012-05-22T13:06:41.210Z", "created": "2012-05-22T13:06:41.156Z"}}, {"pk": 20, "model": "digipal.component", "fields": {"name": "join", "modified": "2012-05-22T13:06:41.221Z", "created": "2012-05-22T13:06:41.212Z"}}, {"pk": 21, "model": "digipal.component", "fields": {"name": "left-hand curve (y)", "modified": "2012-06-20T16:17:11.487Z", "created": "2012-05-22T13:06:41.223Z"}}, {"pk": 22, "model": "digipal.component", "fields": {"name": "lobe", "modified": "2012-11-28T17:40:03.517Z", "created": "2012-05-22T13:06:41.230Z"}}, {"pk": 23, "model": "digipal.component", "fields": {"name": "lower bowl (&)", "modified": "2012-06-20T16:17:22.774Z", "created": "2012-05-22T13:06:41.249Z"}}, {"pk": 24, "model": "digipal.component", "fields": {"name": "lower branch (k)", "modified": "2012-06-20T16:17:29.123Z", "created": "2012-05-22T13:06:41.263Z"}}, {"pk": 25, "model": "digipal.component", "fields": {"name": "lower curve", "modified": "2012-07-03T14:44:35.948Z", "created": "2012-05-22T13:06:41.278Z"}}, {"pk": 26, "model": "digipal.component", "fields": {"name": "mid-arch (m)", "modified": "2012-06-20T16:56:04.739Z", "created": "2012-05-22T13:06:41.304Z"}}, {"pk": 27, "model": "digipal.component", "fields": {"name": "body (g)", "modified": "2012-09-17T10:26:52.539Z", "created": "2012-05-22T13:06:41.329Z"}}, {"pk": 28, "model": "digipal.component", "fields": {"name": "minim", "modified": "2012-06-29T13:23:11.910Z", "created": "2012-05-22T13:06:41.351Z"}}, {"pk": 29, "model": "digipal.component", "fields": {"name": "upper right branch (x)", "modified": "2012-06-20T16:19:15.629Z", "created": "2012-05-22T13:06:41.386Z"}}, {"pk": 30, "model": "digipal.component", "fields": {"name": "point", "modified": "2012-05-22T13:06:41.419Z", "created": "2012-05-22T13:06:41.408Z"}}, {"pk": 31, "model": "digipal.component", "fields": {"name": "right-hand stroke (round y)", "modified": "2012-11-01T14:31:45.136Z", "created": "2012-05-22T13:06:41.421Z"}}, {"pk": 32, "model": "digipal.component", "fields": {"name": "main stroke", "modified": "2012-06-27T13:22:10.035Z", "created": "2012-05-22T13:06:41.432Z"}}, {"pk": 33, "model": "digipal.component", "fields": {"name": "lower left branch (x)", "modified": "2012-06-26T16:07:11.988Z", "created": "2012-05-22T13:06:41.447Z"}}, {"pk": 34, "model": "digipal.component", "fields": {"name": "stem", "modified": "2012-06-26T16:00:46.805Z", "created": "2012-05-22T13:06:41.475Z"}}, {"pk": 35, "model": "digipal.component", "fields": {"name": "tongue", "modified": "2012-11-28T17:26:35.979Z", "created": "2012-05-22T13:06:41.535Z"}}, {"pk": 37, "model": "digipal.component", "fields": {"name": "top curve (punct. interrog.)", "modified": "2012-06-20T16:20:31.042Z", "created": "2012-05-22T13:06:41.605Z"}}, {"pk": 38, "model": "digipal.component", "fields": {"name": "top stroke", "modified": "2012-07-03T13:16:49.096Z", "created": "2012-05-22T13:06:41.615Z"}}, {"pk": 39, "model": "digipal.component", "fields": {"name": "up stroke (punct. elev.)", "modified": "2012-06-20T16:19:53.688Z", "created": "2012-05-22T13:06:41.648Z"}}, {"pk": 40, "model": "digipal.component", "fields": {"name": "upper bowl", "modified": "2012-05-22T13:06:41.673Z", "created": "2012-05-22T13:06:41.662Z"}}, {"pk": 41, "model": "digipal.component", "fields": {"name": "upper branch", "modified": "2012-05-22T13:06:41.683Z", "created": "2012-05-22T13:06:41.675Z"}}, {"pk": 42, "model": "digipal.component", "fields": {"name": "upper curve", "modified": "2012-06-20T16:58:06.531Z", "created": "2012-05-22T13:06:41.686Z"}}, {"pk": 43, "model": "digipal.component", "fields": {"name": "upper left branch (y)", "modified": "2012-06-26T16:09:04.474Z", "created": "2012-05-22T13:06:41.703Z"}}, {"pk": 44, "model": "digipal.component", "fields": {"name": "lower right branch (y)", "modified": "2012-06-26T16:08:33.361Z", "created": "2012-05-22T13:06:41.713Z"}}, {"pk": 45, "model": "digipal.component", "fields": {"name": "tail (y)", "modified": "2012-06-26T16:08:52.460Z", "created": "2012-05-22T13:06:41.730Z"}}, {"pk": 46, "model": "digipal.component", "fields": {"name": "accent stroke", "modified": "2012-06-20T16:06:04.961Z", "created": "2012-06-20T16:06:04.961Z"}}, {"pk": 47, "model": "digipal.component", "fields": {"name": "abbrev. stroke", "modified": "2012-07-03T12:35:03.569Z", "created": "2012-06-20T17:17:34.945Z"}}, {"pk": 48, "model": "digipal.component", "fields": {"name": "dot (y)", "modified": "2012-06-21T12:06:32.551Z", "created": "2012-06-21T12:05:27.521Z"}}, {"pk": 1, "model": "digipal.feature", "fields": {"name": "3-shaped", "modified": "2012-05-22T13:06:40.403Z", "created": "2012-05-22T13:06:40.403Z"}}, {"pk": 2, "model": "digipal.feature", "fields": {"name": "3/4 closed", "modified": "2012-05-22T13:06:40.405Z", "created": "2012-05-22T13:06:40.405Z"}}, {"pk": 3, "model": "digipal.feature", "fields": {"name": "45\u00b0", "modified": "2012-06-20T16:15:18.853Z", "created": "2012-05-22T13:06:40.407Z"}}, {"pk": 4, "model": "digipal.feature", "fields": {"name": "above baseline", "modified": "2012-05-22T13:06:40.409Z", "created": "2012-05-22T13:06:40.409Z"}}, {"pk": 5, "model": "digipal.feature", "fields": {"name": "above minim-height", "modified": "2012-06-20T16:54:32.340Z", "created": "2012-05-22T13:06:40.411Z"}}, {"pk": 6, "model": "digipal.feature", "fields": {"name": "absent", "modified": "2012-05-22T13:06:40.413Z", "created": "2012-05-22T13:06:40.413Z"}}, {"pk": 7, "model": "digipal.feature", "fields": {"name": "angled", "modified": "2012-05-22T13:06:40.414Z", "created": "2012-05-22T13:06:40.414Z"}}, {"pk": 8, "model": "digipal.feature", "fields": {"name": "angled back", "modified": "2012-05-22T13:06:40.416Z", "created": "2012-05-22T13:06:40.416Z"}}, {"pk": 9, "model": "digipal.feature", "fields": {"name": "angled down", "modified": "2012-05-22T13:06:40.418Z", "created": "2012-05-22T13:06:40.418Z"}}, {"pk": 10, "model": "digipal.feature", "fields": {"name": "angled forward", "modified": "2012-05-22T13:06:40.421Z", "created": "2012-05-22T13:06:40.421Z"}}, {"pk": 11, "model": "digipal.feature", "fields": {"name": "slanted lower left", "modified": "2012-06-21T16:00:46.831Z", "created": "2012-05-22T13:06:40.423Z"}}, {"pk": 12, "model": "digipal.feature", "fields": {"name": "angled ll quadrant \u2013\u00a0OBSOLETE", "modified": "2012-06-21T16:00:34.114Z", "created": "2012-05-22T13:06:40.424Z"}}, {"pk": 13, "model": "digipal.feature", "fields": {"name": "angled up", "modified": "2012-05-22T13:06:40.426Z", "created": "2012-05-22T13:06:40.426Z"}}, {"pk": 14, "model": "digipal.feature", "fields": {"name": "angular", "modified": "2012-05-22T13:06:40.428Z", "created": "2012-05-22T13:06:40.428Z"}}, {"pk": 15, "model": "digipal.feature", "fields": {"name": "at baseline OBS: 'on baseline'", "modified": "2012-06-26T16:03:48.512Z", "created": "2012-05-22T13:06:40.430Z"}}, {"pk": 16, "model": "digipal.feature", "fields": {"name": "at minim-height", "modified": "2012-06-20T16:54:24.675Z", "created": "2012-05-22T13:06:40.432Z"}}, {"pk": 17, "model": "digipal.feature", "fields": {"name": "at mid-height", "modified": "2012-05-22T13:06:40.434Z", "created": "2012-05-22T13:06:40.434Z"}}, {"pk": 18, "model": "digipal.feature", "fields": {"name": "back vertical", "modified": "2012-05-22T13:06:40.436Z", "created": "2012-05-22T13:06:40.436Z"}}, {"pk": 19, "model": "digipal.feature", "fields": {"name": "backward-leaning", "modified": "2012-05-22T13:06:40.438Z", "created": "2012-05-22T13:06:40.438Z"}}, {"pk": 20, "model": "digipal.feature", "fields": {"name": "backward-reaching", "modified": "2012-05-22T13:06:40.440Z", "created": "2012-05-22T13:06:40.440Z"}}, {"pk": 21, "model": "digipal.feature", "fields": {"name": "barbed", "modified": "2012-05-22T13:06:40.441Z", "created": "2012-05-22T13:06:40.441Z"}}, {"pk": 22, "model": "digipal.feature", "fields": {"name": "bilinear", "modified": "2012-05-22T13:06:40.443Z", "created": "2012-05-22T13:06:40.443Z"}}, {"pk": 23, "model": "digipal.feature", "fields": {"name": "broken", "modified": "2012-05-22T13:06:40.445Z", "created": "2012-05-22T13:06:40.445Z"}}, {"pk": 24, "model": "digipal.feature", "fields": {"name": "bulging", "modified": "2012-05-22T13:06:40.447Z", "created": "2012-05-22T13:06:40.447Z"}}, {"pk": 25, "model": "digipal.feature", "fields": {"name": "c-shaped", "modified": "2012-05-22T13:06:40.448Z", "created": "2012-05-22T13:06:40.448Z"}}, {"pk": 26, "model": "digipal.feature", "fields": {"name": "closed", "modified": "2012-05-22T13:06:40.450Z", "created": "2012-05-22T13:06:40.450Z"}}, {"pk": 27, "model": "digipal.feature", "fields": {"name": "clubbed", "modified": "2012-05-22T13:06:40.452Z", "created": "2012-05-22T13:06:40.452Z"}}, {"pk": 28, "model": "digipal.feature", "fields": {"name": "concave down", "modified": "2012-05-22T13:06:40.454Z", "created": "2012-05-22T13:06:40.453Z"}}, {"pk": 29, "model": "digipal.feature", "fields": {"name": "concave left", "modified": "2012-05-22T13:06:40.455Z", "created": "2012-05-22T13:06:40.455Z"}}, {"pk": 30, "model": "digipal.feature", "fields": {"name": "concave right", "modified": "2012-05-22T13:06:40.461Z", "created": "2012-05-22T13:06:40.461Z"}}, {"pk": 31, "model": "digipal.feature", "fields": {"name": "concave up", "modified": "2012-05-22T13:06:40.463Z", "created": "2012-05-22T13:06:40.463Z"}}, {"pk": 33, "model": "digipal.feature", "fields": {"name": "convex", "modified": "2012-05-22T13:06:40.466Z", "created": "2012-05-22T13:06:40.466Z"}}, {"pk": 34, "model": "digipal.feature", "fields": {"name": "curved", "modified": "2012-05-22T13:06:40.468Z", "created": "2012-05-22T13:06:40.468Z"}}, {"pk": 35, "model": "digipal.feature", "fields": {"name": "curved down", "modified": "2012-05-22T13:06:40.469Z", "created": "2012-05-22T13:06:40.469Z"}}, {"pk": 36, "model": "digipal.feature", "fields": {"name": "curved up", "modified": "2012-05-22T13:06:40.471Z", "created": "2012-05-22T13:06:40.471Z"}}, {"pk": 37, "model": "digipal.feature", "fields": {"name": "deeply split", "modified": "2012-05-22T13:06:40.473Z", "created": "2012-05-22T13:06:40.473Z"}}, {"pk": 38, "model": "digipal.feature", "fields": {"name": "dotted", "modified": "2012-05-22T13:06:40.475Z", "created": "2012-05-22T13:06:40.475Z"}}, {"pk": 39, "model": "digipal.feature", "fields": {"name": "downstroke rounded", "modified": "2012-05-22T13:06:40.476Z", "created": "2012-05-22T13:06:40.476Z"}}, {"pk": 40, "model": "digipal.feature", "fields": {"name": "downstroke turned in", "modified": "2012-05-22T13:06:40.478Z", "created": "2012-05-22T13:06:40.478Z"}}, {"pk": 41, "model": "digipal.feature", "fields": {"name": "downstroke turned out", "modified": "2012-05-22T13:06:40.480Z", "created": "2012-05-22T13:06:40.480Z"}}, {"pk": 42, "model": "digipal.feature", "fields": {"name": "false ligature with t", "modified": "2012-05-22T13:06:40.482Z", "created": "2012-05-22T13:06:40.482Z"}}, {"pk": 43, "model": "digipal.feature", "fields": {"name": "flagpole", "modified": "2012-05-22T13:06:40.484Z", "created": "2012-05-22T13:06:40.484Z"}}, {"pk": 44, "model": "digipal.feature", "fields": {"name": "flat", "modified": "2012-05-22T13:06:40.486Z", "created": "2012-05-22T13:06:40.485Z"}}, {"pk": 45, "model": "digipal.feature", "fields": {"name": "flat-shaped", "modified": "2012-05-22T13:06:40.487Z", "created": "2012-05-22T13:06:40.487Z"}}, {"pk": 46, "model": "digipal.feature", "fields": {"name": "flat-topped", "modified": "2012-05-22T13:06:40.489Z", "created": "2012-05-22T13:06:40.489Z"}}, {"pk": 47, "model": "digipal.feature", "fields": {"name": "foot", "modified": "2012-05-22T13:06:40.491Z", "created": "2012-05-22T13:06:40.491Z"}}, {"pk": 48, "model": "digipal.feature", "fields": {"name": "forked (small split)", "modified": "2012-06-26T16:02:24.032Z", "created": "2012-05-22T13:06:40.497Z"}}, {"pk": 49, "model": "digipal.feature", "fields": {"name": "hangs from left", "modified": "2012-05-22T13:06:40.498Z", "created": "2012-05-22T13:06:40.498Z"}}, {"pk": 50, "model": "digipal.feature", "fields": {"name": "hangs from middle", "modified": "2012-05-22T13:06:40.500Z", "created": "2012-05-22T13:06:40.500Z"}}, {"pk": 51, "model": "digipal.feature", "fields": {"name": "hangs from right", "modified": "2012-05-22T13:06:40.502Z", "created": "2012-05-22T13:06:40.502Z"}}, {"pk": 52, "model": "digipal.feature", "fields": {"name": "high", "modified": "2012-05-22T13:06:40.504Z", "created": "2012-05-22T13:06:40.504Z"}}, {"pk": 53, "model": "digipal.feature", "fields": {"name": "high wedge", "modified": "2012-05-22T13:06:40.506Z", "created": "2012-05-22T13:06:40.506Z"}}, {"pk": 54, "model": "digipal.feature", "fields": {"name": "hooked \u2013\u00a0OBS: which direction?", "modified": "2012-06-26T16:07:55.185Z", "created": "2012-05-22T13:06:40.507Z"}}, {"pk": 55, "model": "digipal.feature", "fields": {"name": "hooked down", "modified": "2012-05-22T13:06:40.509Z", "created": "2012-05-22T13:06:40.509Z"}}, {"pk": 56, "model": "digipal.feature", "fields": {"name": "hooked up", "modified": "2012-05-22T13:06:40.511Z", "created": "2012-05-22T13:06:40.511Z"}}, {"pk": 57, "model": "digipal.feature", "fields": {"name": "horizontal", "modified": "2012-05-22T13:06:40.513Z", "created": "2012-05-22T13:06:40.513Z"}}, {"pk": 58, "model": "digipal.feature", "fields": {"name": "horizontally symmetric (flag)", "modified": "2014-07-03T14:46:36.437Z", "created": "2012-05-22T13:06:40.515Z"}}, {"pk": 59, "model": "digipal.feature", "fields": {"name": "horned", "modified": "2012-05-22T13:06:40.517Z", "created": "2012-05-22T13:06:40.517Z"}}, {"pk": 60, "model": "digipal.feature", "fields": {"name": "large", "modified": "2012-05-22T13:06:40.519Z", "created": "2012-05-22T13:06:40.518Z"}}, {"pk": 61, "model": "digipal.feature", "fields": {"name": "left hooked down", "modified": "2012-05-22T13:06:40.520Z", "created": "2012-05-22T13:06:40.520Z"}}, {"pk": 62, "model": "digipal.feature", "fields": {"name": "left hooked up", "modified": "2012-05-22T13:06:40.522Z", "created": "2012-05-22T13:06:40.522Z"}}, {"pk": 63, "model": "digipal.feature", "fields": {"name": "ligatured", "modified": "2012-05-22T13:06:40.524Z", "created": "2012-05-22T13:06:40.524Z"}}, {"pk": 64, "model": "digipal.feature", "fields": {"name": "ligatured with f", "modified": "2012-05-22T13:06:40.526Z", "created": "2012-05-22T13:06:40.526Z"}}, {"pk": 65, "model": "digipal.feature", "fields": {"name": "ligatured with s", "modified": "2012-05-22T13:06:40.528Z", "created": "2012-05-22T13:06:40.528Z"}}, {"pk": 66, "model": "digipal.feature", "fields": {"name": "ligatured with t", "modified": "2012-05-22T13:06:40.530Z", "created": "2012-05-22T13:06:40.530Z"}}, {"pk": 67, "model": "digipal.feature", "fields": {"name": "ligatured with descender", "modified": "2012-05-22T13:06:40.532Z", "created": "2012-05-22T13:06:40.532Z"}}, {"pk": 68, "model": "digipal.feature", "fields": {"name": "ligatured with minim", "modified": "2012-05-22T13:06:40.534Z", "created": "2012-05-22T13:06:40.534Z"}}, {"pk": 69, "model": "digipal.feature", "fields": {"name": "long", "modified": "2012-05-22T13:06:40.536Z", "created": "2012-05-22T13:06:40.536Z"}}, {"pk": 70, "model": "digipal.feature", "fields": {"name": "long foot", "modified": "2012-05-22T13:06:40.537Z", "created": "2012-05-22T13:06:40.537Z"}}, {"pk": 71, "model": "digipal.feature", "fields": {"name": "looped", "modified": "2012-05-22T13:06:40.539Z", "created": "2012-05-22T13:06:40.539Z"}}, {"pk": 72, "model": "digipal.feature", "fields": {"name": "minim-length", "modified": "2012-05-22T13:06:40.541Z", "created": "2012-05-22T13:06:40.541Z"}}, {"pk": 73, "model": "digipal.feature", "fields": {"name": "narrow", "modified": "2012-05-22T13:06:40.543Z", "created": "2012-05-22T13:06:40.543Z"}}, {"pk": 74, "model": "digipal.feature", "fields": {"name": "foot absent", "modified": "2012-06-29T13:29:36.974Z", "created": "2012-05-22T13:06:40.545Z"}}, {"pk": 75, "model": "digipal.feature", "fields": {"name": "hook absent", "modified": "2012-06-29T13:29:47.569Z", "created": "2012-05-22T13:06:40.546Z"}}, {"pk": 76, "model": "digipal.feature", "fields": {"name": "not through", "modified": "2012-05-22T13:06:40.548Z", "created": "2012-05-22T13:06:40.548Z"}}, {"pk": 77, "model": "digipal.feature", "fields": {"name": "oval", "modified": "2012-06-20T16:54:10.174Z", "created": "2012-05-22T13:06:40.550Z"}}, {"pk": 78, "model": "digipal.feature", "fields": {"name": "on baseline", "modified": "2012-05-22T13:06:40.556Z", "created": "2012-05-22T13:06:40.556Z"}}, {"pk": 79, "model": "digipal.feature", "fields": {"name": "on left", "modified": "2012-05-22T13:06:40.558Z", "created": "2012-05-22T13:06:40.557Z"}}, {"pk": 80, "model": "digipal.feature", "fields": {"name": "on middle", "modified": "2012-05-22T13:06:40.559Z", "created": "2012-05-22T13:06:40.559Z"}}, {"pk": 81, "model": "digipal.feature", "fields": {"name": "on right", "modified": "2012-05-22T13:06:40.561Z", "created": "2012-05-22T13:06:40.561Z"}}, {"pk": 82, "model": "digipal.feature", "fields": {"name": "open", "modified": "2012-05-22T13:06:40.563Z", "created": "2012-05-22T13:06:40.563Z"}}, {"pk": 83, "model": "digipal.feature", "fields": {"name": "ownstroke ticked up [What??]", "modified": "2012-11-01T17:04:00.708Z", "created": "2012-05-22T13:06:40.565Z"}}, {"pk": 84, "model": "digipal.feature", "fields": {"name": "point-topped", "modified": "2012-05-22T13:06:40.567Z", "created": "2012-05-22T13:06:40.567Z"}}, {"pk": 85, "model": "digipal.feature", "fields": {"name": "pointed", "modified": "2012-05-22T13:06:40.569Z", "created": "2012-05-22T13:06:40.569Z"}}, {"pk": 86, "model": "digipal.feature", "fields": {"name": "rising", "modified": "2012-05-22T13:06:40.571Z", "created": "2012-05-22T13:06:40.571Z"}}, {"pk": 87, "model": "digipal.feature", "fields": {"name": "round", "modified": "2012-05-22T13:06:40.573Z", "created": "2012-05-22T13:06:40.573Z"}}, {"pk": 88, "model": "digipal.feature", "fields": {"name": "rounded", "modified": "2012-05-22T13:06:40.575Z", "created": "2012-05-22T13:06:40.575Z"}}, {"pk": 89, "model": "digipal.feature", "fields": {"name": "s-shaped", "modified": "2012-05-22T13:06:40.577Z", "created": "2012-05-22T13:06:40.577Z"}}, {"pk": 90, "model": "digipal.feature", "fields": {"name": "short", "modified": "2012-05-22T13:06:40.579Z", "created": "2012-05-22T13:06:40.579Z"}}, {"pk": 91, "model": "digipal.feature", "fields": {"name": "short foot", "modified": "2012-05-22T13:06:40.581Z", "created": "2012-05-22T13:06:40.581Z"}}, {"pk": 92, "model": "digipal.feature", "fields": {"name": "shoulder angled", "modified": "2012-05-22T13:06:40.582Z", "created": "2012-05-22T13:06:40.582Z"}}, {"pk": 93, "model": "digipal.feature", "fields": {"name": "small", "modified": "2012-05-22T13:06:40.584Z", "created": "2012-05-22T13:06:40.584Z"}}, {"pk": 94, "model": "digipal.feature", "fields": {"name": "split (large split)", "modified": "2012-06-26T16:02:37.430Z", "created": "2012-05-22T13:06:40.586Z"}}, {"pk": 95, "model": "digipal.feature", "fields": {"name": "square", "modified": "2012-05-22T13:06:40.588Z", "created": "2012-05-22T13:06:40.588Z"}}, {"pk": 96, "model": "digipal.feature", "fields": {"name": "squinting", "modified": "2012-05-22T13:06:40.590Z", "created": "2012-05-22T13:06:40.590Z"}}, {"pk": 97, "model": "digipal.feature", "fields": {"name": "straight", "modified": "2012-05-22T13:06:40.592Z", "created": "2012-05-22T13:06:40.592Z"}}, {"pk": 98, "model": "digipal.feature", "fields": {"name": "sway-backed", "modified": "2012-05-22T13:06:40.593Z", "created": "2012-05-22T13:06:40.593Z"}}, {"pk": 99, "model": "digipal.feature", "fields": {"name": "tapering", "modified": "2012-05-22T13:06:40.599Z", "created": "2012-05-22T13:06:40.599Z"}}, {"pk": 100, "model": "digipal.feature", "fields": {"name": "teardrop-shaped", "modified": "2012-05-22T13:06:40.601Z", "created": "2012-05-22T13:06:40.601Z"}}, {"pk": 101, "model": "digipal.feature", "fields": {"name": "thick", "modified": "2012-05-22T13:06:40.603Z", "created": "2012-05-22T13:06:40.603Z"}}, {"pk": 102, "model": "digipal.feature", "fields": {"name": "thin", "modified": "2012-05-22T13:06:40.605Z", "created": "2012-05-22T13:06:40.605Z"}}, {"pk": 103, "model": "digipal.feature", "fields": {"name": "three-stroke", "modified": "2012-05-22T13:06:40.607Z", "created": "2012-05-22T13:06:40.607Z"}}, {"pk": 104, "model": "digipal.feature", "fields": {"name": "through", "modified": "2012-05-22T13:06:40.609Z", "created": "2012-05-22T13:06:40.609Z"}}, {"pk": 105, "model": "digipal.feature", "fields": {"name": "tip horizontal", "modified": "2012-05-22T13:06:40.613Z", "created": "2012-05-22T13:06:40.613Z"}}, {"pk": 106, "model": "digipal.feature", "fields": {"name": "trailing left", "modified": "2012-05-22T13:06:40.615Z", "created": "2012-05-22T13:06:40.615Z"}}, {"pk": 107, "model": "digipal.feature", "fields": {"name": "turned back", "modified": "2012-05-22T13:06:40.617Z", "created": "2012-05-22T13:06:40.617Z"}}, {"pk": 108, "model": "digipal.feature", "fields": {"name": "turned down", "modified": "2012-05-22T13:06:40.619Z", "created": "2012-05-22T13:06:40.619Z"}}, {"pk": 109, "model": "digipal.feature", "fields": {"name": "turned left", "modified": "2012-05-22T13:06:40.621Z", "created": "2012-05-22T13:06:40.621Z"}}, {"pk": 110, "model": "digipal.feature", "fields": {"name": "turned right", "modified": "2012-05-22T13:06:40.623Z", "created": "2012-05-22T13:06:40.623Z"}}, {"pk": 111, "model": "digipal.feature", "fields": {"name": "turned up", "modified": "2012-05-22T13:06:40.625Z", "created": "2012-05-22T13:06:40.625Z"}}, {"pk": 112, "model": "digipal.feature", "fields": {"name": "turned up right", "modified": "2012-05-22T13:06:40.627Z", "created": "2012-05-22T13:06:40.626Z"}}, {"pk": 113, "model": "digipal.feature", "fields": {"name": "undotted", "modified": "2012-05-22T13:06:40.628Z", "created": "2012-05-22T13:06:40.628Z"}}, {"pk": 114, "model": "digipal.feature", "fields": {"name": "upright \u2013\u00a0OBSOLETE. Use vertical", "modified": "2012-06-26T16:01:24.224Z", "created": "2012-05-22T13:06:40.630Z"}}, {"pk": 115, "model": "digipal.feature", "fields": {"name": "vertical", "modified": "2012-05-22T13:06:40.632Z", "created": "2012-05-22T13:06:40.632Z"}}, {"pk": 116, "model": "digipal.feature", "fields": {"name": "vertical tip", "modified": "2012-05-22T13:06:40.634Z", "created": "2012-05-22T13:06:40.634Z"}}, {"pk": 117, "model": "digipal.feature", "fields": {"name": "wedged", "modified": "2012-05-22T13:06:40.636Z", "created": "2012-05-22T13:06:40.636Z"}}, {"pk": 118, "model": "digipal.feature", "fields": {"name": "unadorned", "modified": "2012-06-20T16:14:49.149Z", "created": "2012-05-22T13:06:40.638Z"}}, {"pk": 119, "model": "digipal.feature", "fields": {"name": "wide", "modified": "2012-05-22T13:06:40.640Z", "created": "2012-05-22T13:06:40.640Z"}}, {"pk": 120, "model": "digipal.feature", "fields": {"name": "vertically symmetric", "modified": "2012-05-22T13:06:40.642Z", "created": "2012-05-22T13:06:40.642Z"}}, {"pk": 121, "model": "digipal.feature", "fields": {"name": "vertical left", "modified": "2012-05-22T13:06:40.644Z", "created": "2012-05-22T13:06:40.644Z"}}, {"pk": 122, "model": "digipal.feature", "fields": {"name": "tilde-shaped", "modified": "2012-06-20T16:52:15.685Z", "created": "2012-06-20T16:52:15.685Z"}}, {"pk": 123, "model": "digipal.feature", "fields": {"name": "downstroke vertical", "modified": "2012-06-20T16:55:40.304Z", "created": "2012-06-20T16:55:40.304Z"}}, {"pk": 124, "model": "digipal.feature", "fields": {"name": "approach stroke", "modified": "2012-06-20T16:56:41.682Z", "created": "2012-06-20T16:56:41.682Z"}}, {"pk": 125, "model": "digipal.feature", "fields": {"name": "present", "modified": "2012-06-21T12:05:06.602Z", "created": "2012-06-21T12:05:06.602Z"}}, {"pk": 126, "model": "digipal.feature", "fields": {"name": "forward leaning", "modified": "2012-06-21T15:03:08.877Z", "created": "2012-06-21T15:03:08.877Z"}}, {"pk": 127, "model": "digipal.feature", "fields": {"name": "bulging stroke", "modified": "2012-06-21T15:14:54.983Z", "created": "2012-06-21T15:14:54.983Z"}}, {"pk": 128, "model": "digipal.feature", "fields": {"name": "below baseline", "modified": "2012-06-21T15:23:31.434Z", "created": "2012-06-21T15:23:31.434Z"}}, {"pk": 129, "model": "digipal.feature", "fields": {"name": "turned down toe", "modified": "2012-06-26T16:05:59.428Z", "created": "2012-06-26T16:05:59.428Z"}}, {"pk": 130, "model": "digipal.feature", "fields": {"name": "turned up toe", "modified": "2012-06-26T16:06:04.695Z", "created": "2012-06-26T16:06:04.695Z"}}, {"pk": 131, "model": "digipal.feature", "fields": {"name": "hooked left", "modified": "2012-06-26T16:08:02.334Z", "created": "2012-06-26T16:08:02.334Z"}}, {"pk": 132, "model": "digipal.feature", "fields": {"name": "hooked right", "modified": "2012-06-26T16:08:08.717Z", "created": "2012-06-26T16:08:08.717Z"}}, {"pk": 134, "model": "digipal.feature", "fields": {"name": "flat-bottomed", "modified": "2012-07-03T14:34:08.736Z", "created": "2012-07-03T14:34:08.736Z"}}, {"pk": 135, "model": "digipal.feature", "fields": {"name": "through top-stroke", "modified": "2012-07-03T14:44:00.912Z", "created": "2012-07-03T14:44:00.912Z"}}, {"pk": 136, "model": "digipal.feature", "fields": {"name": "semi-caroline", "modified": "2012-09-17T10:20:13.107Z", "created": "2012-09-17T10:20:13.107Z"}}]